#{"t_start": 1760371604.415509, "env_id": "None"}
r,l,t
5.4107027,42,2.905773
4.9053087,96,6.513783
2.8708963,42,9.313061
-5.379018,139,9.391053
-6.361519,164,11.05777
4.361202,39,11.912832
6.949899,52,14.512934
-1.8019133,120,17.402474
-44.886898,468,31.313771
-31.34211,322,33.381405
3.8990936,60,37.377506
-67.33566,610,40.789662
-81.188774,643,42.979236
5.951402,37,43.246107
-3.8317156,118,45.252507
4.4349036,52,46.464222
-102.06405,698,46.663415
-113.039,698,46.664457
-112.06401,698,46.664457
-103.56414,700,49.597993
-17.827637,278,49.852013
-4.3534184,135,52.252176
5.4449043,52,53.050419
-6.406315,114,54.051199
5.923005,71,54.597031
7.4314995,36,54.650933
8.428801,63,58.853053
-6.8587236,188,59.194113
-1.8104134,105,61.052252
-102.5642,700,61.194393
-4.378319,134,61.993725
-5.877015,121,62.65683
5.8243036,58,62.735941
-6.4743357,244,62.923738
3.3961997,39,63.663077
6.8978987,72,63.994968
-96.62915,700,64.050773
0.33049774,46,64.256593
4.924904,52,66.124537
6.440799,43,66.536873
2.9054956,46,67.051698
-4.3267155,118,72.140769
-13.741512,166,73.978402
-16.307177,223,76.861423
-11.050973,161,77.784849
1.8759985,41,79.631415
-4.81921,93,80.199298
8.4194,57,81.623327
-34.394142,292,82.218235
2.407199,29,83.519585
-26.167213,273,84.329832
-7.3800125,101,86.307307
2.3814,37,86.774806
4.896003,41,89.142628
4.870803,43,89.722096
-97.56429,700,91.99061
-9.499472,146,93.310017
-102.5642,700,93.387838
3.3965988,35,94.332197
-1.76371,88,94.994598
2.4216957,34,95.591708
4.436302,38,95.920649
-5.3449135,100,96.397799
7.4262996,38,97.533966
4.946602,35,97.93323
-25.975182,253,99.113096
6.9621997,29,99.854866
-0.6194067,45,100.520148
-40.133873,439,101.444983
-5.8366156,117,102.112299
2.8404984,46,102.194739
-0.12860107,37,102.987636
-9.885981,111,103.306476
-5.876815,119,104.32138
7.9505997,45,104.456135
8.4212,39,104.707744
4.8863015,38,104.707744
3.9361954,39,105.92642
5.4219027,32,106.852344
6.9308996,42,107.110664
-5.396016,111,107.235943
5.417001,31,107.96646
7.3843994,57,108.501266
1.8971996,29,108.77284
4.4169025,32,109.235723
-4.7752123,103,109.830636
-91.984,699,110.708619
-4.309512,96,110.830674
8.4157,44,110.908712
-85.82171,674,111.50005
5.416302,38,111.772642
-1.6290045,41,112.572644
3.4304943,46,113.894754
-2.7485113,86,114.509066
-15.04191,120,115.230902
-5.8753147,104,115.433923
7.4414997,36,116.908595
-5.279211,93,116.908595
-5.7795115,96,117.313307
-0.12860489,37,117.909591
-6.759511,96,117.909591
-4.3141117,92,117.909591
-2.2465067,66,118.308547
-5.2745075,96,118.967767
6.4365997,35,119.237383
7.4309993,41,119.629511
-73.413956,594,119.830723
3.9116998,34,120.176075
-0.12350273,36,120.306317
7.435499,46,120.363669
1.8862963,38,120.443458
-0.12330246,34,121.235923
8.4052,49,121.564242
-2.8144102,95,121.564242
4.426503,36,122.031877
4.4271026,30,122.363919
4.911703,34,122.7024
7.9412,39,122.76536
2.8919992,31,124.764477
0.3915949,35,125.101626
-6.305011,101,127.034435
-8.300766,109,127.107649
3.386098,40,127.443654
-6.362315,124,127.502222
0.38549328,46,128.165977
-5.375411,105,128.23297
1.9073973,27,128.828221
-5.8448133,99,128.966086
5.921502,36,129.508885
-7.977212,123,129.792706
3.3556004,45,130.445003
1.8967991,33,130.445003
3.885198,49,131.44161
3.9270973,30,131.776314
-12.11038,155,131.913506
3.3999977,51,132.254424
8.4258,43,132.375774
-5.995817,159,132.655081
2.9066982,34,132.719531
1.3711987,39,133.047114
0.38169575,34,134.055332
-3.1541033,42,134.248158
4.9216022,35,134.576431
2.396596,35,134.719338
2.8868017,33,134.855815
-11.910984,111,134.919728
7.8753996,47,135.035739
8.456,41,135.448285
8.4115,36,136.455321
7.8998,53,136.584747
6.9118996,32,136.855834
6.8964996,36,136.976958
0.40089417,42,137.059153
0.88669586,34,137.185168
7.4058995,42,137.658463
7.4409995,41,138.172582
9.879999,51,138.435537
4.396802,33,138.635907
8.9218,33,139.176255
6.9265995,35,139.176255
9.425799,43,139.442581
-16.59598,161,139.702342
4.8658037,43,140.030998
2.3905983,45,140.030998
8.880099,50,140.967163
4.380804,43,141.344132
6.375799,43,141.536814
7.8805,46,142.264194
3.4266968,34,142.336022
9.9158,43,142.936823
7.8345995,55,143.136765
6.4571996,29,143.442274
2.366301,38,143.51353
7.9263997,37,143.775406
-5.803611,87,143.971224
3.9116993,34,144.51909
-8.813387,85,144.845606
2.901599,35,145.475693
8.420401,47,145.475693
6.3759995,41,145.684455
5.9316015,35,145.803873
2.4061956,39,146.157214
2.4214954,36,146.210242
4.416103,40,146.665388
-6.885914,110,147.067172
5.895903,42,147.345776
2.386897,32,147.580742
5.9259024,42,147.672858
6.4069996,31,147.743172
6.9216995,34,148.384683
0.88159657,35,148.520428
8.4009,42,148.596769
6.4275,26,149.056773
2.407299,28,149.453957
3.8755984,45,149.643171
7.9312,39,149.643171
2.4168959,32,149.791491
2.3766994,34,149.971804
8.4522,29,150.448756
-3.7830114,81,150.849084
6.3862996,38,150.92112
4.3923016,28,151.321222
0.3460989,40,151.714173
5.946502,36,152.050115
7.3495994,55,152.257248
-0.118704796,38,152.319524
3.9262967,38,152.507787
9.935699,44,152.580284
7.9571,30,152.920957
2.8810978,40,153.107281
5.901103,40,153.98084
-1.6339064,40,154.380913
7.9516,35,154.380913
5.9265018,36,154.719854
6.9366994,34,154.862006
8.8911,40,154.919411
1.391798,33,155.119895
1.3658991,42,155.907809
-4.2375116,76,155.908812
8.919899,52,155.993192
8.4312,39,156.572486
5.446802,33,156.572486
4.4119024,32,156.860859
1.395997,41,157.584306
1.8759966,41,157.654677
0.9044924,56,158.11506
4.396402,37,158.38062
5.4223022,28,158.453059
3.9263973,37,158.453059
6.9307995,43,158.784039
6.4421997,29,158.784039
3.936696,34,158.854934
3.8761,40,160.319596
2.8908982,42,160.384105
3.9018002,33,160.579509
5.4165015,36,160.854142
1.9014978,36,160.855139
3.9119978,31,160.919502
6.3805995,45,161.108742
-4.3240137,91,161.185207
-0.11370373,38,161.320031
3.4258947,42,161.579749
1.3919964,31,162.387351
3.8914995,36,162.778862
4.426401,37,163.31837
-0.10850525,36,163.518816
7.4058995,42,163.656852
4.4216027,35,163.656852
-0.6136055,37,164.049481
9.4253,48,164.119539
5.8595066,56,164.307444
6.4316998,34,164.659916
3.9020982,30,165.307182
5.8906026,45,165.792002
7.3914995,36,166.054664
9.382699,74,166.119818
5.946003,41,166.254456
1.9019966,31,166.383344
3.4258947,42,166.453918
0.89109516,40,166.719182
3.9353943,47,167.254036
8.947,31,167.383715
9.884999,51,168.054355
2.891899,32,168.379625
1.8914986,36,168.454111
6.4117994,33,168.57887
5.921302,38,168.653084
2.396099,40,169.118858
8.3591,60,169.784442
6.855399,47,169.845037
4.3811026,40,169.919219
3.4273973,27,170.253928
6.9413996,37,170.51992
5.8967013,34,170.859792
7.9214997,36,171.060287
6.283399,67,171.845206
8.915799,43,171.978214
5.931901,32,172.053849
7.4514995,36,172.254624
4.870902,42,172.584036
9.885699,44,173.19242
5.926302,38,173.384295
9.365399,47,173.654222
6.9460993,40,173.719688
-2.143505,36,174.384261
-8.818886,90,174.384261
4.871004,41,174.597331
3.416297,38,174.779093
0.39569378,44,174.97924
0.8659973,41,175.318538
3.9269977,31,175.443764
1.3715982,35,175.990741
8.937099,30,176.378124
4.4271007,30,176.782942
8.9415,36,176.782942
-0.13470745,48,176.918574
8.8963995,37,177.059462
3.9174995,26,177.178962
1.8712997,38,177.51926
8.9014,37,177.77988
8.8811,40,178.658519
5.437401,27,178.714099
6.4367995,33,178.992063
-12.4037075,88,179.050931
6.9358993,42,179.178202
4.947201,29,179.448018
8.875899,42,179.578732
-1.1437063,38,179.578732
2.8815012,36,179.578732
2.8965993,35,180.977417
8.914999,51,181.183571
5.4070015,31,181.252506
8.9058,43,181.597014
4.931303,38,181.597014
6.4268994,32,181.712753
3.931696,34,181.856442
4.8817024,34,181.856442
7.8904,47,182.118115
7.9059997,41,182.190224
1.8964977,36,183.383432
6.9065995,35,183.513186
5.946702,34,183.857549
-1.623105,32,183.857549
8.4059,42,184.048816
0.37639523,37,184.31917
5.386203,39,184.445949
4.4263024,38,184.711772
6.3609996,41,184.855904
0.8449936,51,184.982389
3.3814993,36,185.779709
8.9365,36,186.252564
9.931399,37,186.313711
1.4063959,37,186.509679
8.895599,45,186.509679
5.926302,38,186.85291
4.946602,35,187.181826
9.431,41,187.44943
5.4214025,37,187.44943
8.9155,46,187.514507
6.4470997,30,187.776685
8.442101,30,188.318544
4.4416013,35,188.583074
2.411396,37,188.985917
9.921599,35,189.191072
9.885699,44,189.451441
-0.11830425,34,189.707348
-0.6387062,38,190.062282
1.9063959,37,190.296236
8.926499,36,190.749991
2.3600993,50,190.819016
9.9114,37,191.065815
8.899099,60,191.210536
2.4016972,34,191.267256
7.8813996,37,191.667848
4.416601,35,192.069588
8.4367,34,192.416845
9.9261,40,193.020674
8.9316,35,193.152415
9.8994,57,193.343984
7.457,31,193.343984
8.3858,43,193.748575
8.927,31,193.815761
8.4109,42,193.945705
9.456699,34,194.681318
9.884999,51,194.737134
7.3861995,39,194.737134
2.4119978,31,195.203244
2.891798,33,195.203244
4.9070015,31,195.409193
-0.63330364,34,195.609893
8.3914,37,196.281061
7.4063997,37,196.408814
8.4162,39,197.347095
8.4568,33,197.409289
8.436,41,197.409289
8.401,41,197.472202
8.9119,32,197.546819
9.884299,58,197.609469
5.9369016,32,197.749676
9.9099,52,198.680907
5.9364023,37,198.751349
8.9163,38,198.930102
2.8918014,33,199.51659
7.3966994,34,199.852263
8.891299,38,199.930256
7.4310994,40,200.06119
3.8561006,40,200.117852
9.415899,42,200.326063
0.3661995,39,200.326063
4.396802,33,200.863822
2.9017963,33,200.912288
7.8858995,42,201.720476
2.3664017,37,201.982474
7.4170995,30,202.331024
0.8961954,39,202.530256
4.9167013,34,202.590364
3.905798,43,202.718247
1.370697,44,203.005694
-1.1144066,45,203.119294
8.3955,46,204.003592
8.42,51,204.269978
4.3909035,42,204.516935
9.952,31,204.603522
9.9162,39,204.603522
6.9217997,33,204.802134
5.406302,38,204.874024
4.8969016,32,205.127139
9.9314995,36,205.517084
8.899499,56,206.468489
4.9021015,30,206.604343
2.3819008,32,206.670116
8.9058,43,206.8612
1.8868971,32,206.99818
1.3768978,32,207.268581
9.385799,43,207.65704
8.875099,50,207.930943
9.919299,58,208.130295
4.3712015,39,208.130295
2.3819022,32,208.729954
3.9071984,29,208.78914
2.8912983,38,208.989377
2.4213953,37,209.123372
8.4362,39,209.594011
8.906599,35,209.595545
6.9271994,29,210.064206
7.4165993,35,210.266721
9.930399,47,210.802365
9.925599,45,211.118151
4.8966017,35,211.459577
-1.6539068,40,211.459577
4.401701,34,211.86675
7.3502994,48,211.917393
7.9005,46,212.066927
3.8857994,43,212.467229
6.4465995,35,212.594786
8.9258995,42,212.860113
6.9117994,33,212.990835
3.9319963,31,213.202581
7.4318995,32,213.590508
3.426896,32,214.202245
7.3861995,39,214.467011
-0.1197052,48,214.667276
5.941902,32,214.724095
7.4006996,44,214.866874
7.896,41,215.202504
-2.1286058,37,215.323212
6.9416995,34,215.859135
8.9258995,42,216.006663
2.8965006,36,216.602266
8.924599,55,216.667279
4.4122005,29,216.667279
4.4015007,36,216.868073
6.4423,28,217.202253
3.8915,36,217.266001
8.381,41,217.930543
8.3801,50,217.993714
-0.66910267,42,218.667342
1.3868971,32,218.723406
2.4168959,32,218.802058
9.8657,44,218.923572
8.921299,38,219.201974
2.3963985,37,219.723358
7.8753996,47,220.001628
8.850399,47,220.373057
5.432601,25,220.642595
4.3861027,40,220.715415
6.4063997,37,221.27467
8.8907995,43,221.616265
-5.184408,45,221.69387
9.878799,63,222.159923
8.9251995,49,222.486551
3.9166985,34,222.623969
0.84549713,46,222.815253
0.37179565,33,222.899222
9.924799,53,223.546357
1.3662968,38,223.823865
5.4167013,34,223.875122
8.3609,42,224.493725
2.4065967,35,224.824397
0.9018955,32,225.023381
8.9105,46,225.215983
8.887899,72,225.423636
8.3803,48,225.824527
6.3702993,48,226.015552
4.8865013,36,226.223509
8.3957,44,226.493754
1.8809977,41,226.627237
2.9224968,26,226.748544
-1.6288052,39,227.427801
4.936303,38,227.759328
8.925099,50,227.815473
5.431902,32,227.947563
9.3811,40,228.087463
6.4467993,33,228.227792
0.89729595,28,228.481411
9.9217,34,228.750775
3.890799,43,229.094554
9.441099,40,229.423287
0.86149883,36,229.829445
9.951599,35,230.158344
0.8761959,39,230.353532
8.3811,40,230.892242
7.9623,28,231.285403
9.945099,50,231.422233
8.8494,57,231.757704
9.920599,45,231.757704
-0.13900661,41,231.809301
6.9362993,38,232.349436
9.884199,59,232.422781
8.941899,32,233.027378
-0.6393051,44,233.088363
8.880899,42,233.147425
7.4470997,30,233.421864
5.4114017,37,233.751897
3.9157958,43,234.688145
8.4313,38,234.88741
5.437301,28,235.018758
9.399799,53,235.276579
-2.7103052,54,235.350629
8.436501,36,235.426403
4.865502,46,235.480143
2.3667998,33,235.622057
5.8713007,38,236.292959
7.8290997,60,237.092925
7.8806996,44,237.610717
9.9214,37,237.745117
7.881,41,237.745117
2.8968,33,237.810332
-0.14350414,36,237.810332
8.895299,48,238.081607
6.9208994,42,238.270279
4.397301,28,238.940546
6.854299,58,239.205072
8.900399,47,239.403489
7.8868,33,239.941214
3.3972993,28,240.147496
7.4158993,42,240.547344
9.8707,44,240.547344
6.9019995,31,241.001987
1.3550959,50,241.140749
9.8504,47,241.201292
8.875799,43,242.069172
6.4020996,30,242.145698
8.848399,67,242.269293
8.9265995,35,242.881986
7.8756,45,242.941643
8.457,31,243.082317
9.9043,58,243.281805
7.9164996,36,243.555576
1.3750944,50,243.882049
-0.64390373,40,243.882049
3.4016972,34,244.40483
4.9062033,39,244.683514
5.4013014,38,244.804958
7.9318,33,245.083642
5.406002,41,245.674838
8.9064,37,245.755948
3.3710995,40,245.755948
4.401702,34,245.807214
7.4416995,34,246.142181
7.4621997,29,246.34246
6.3917994,33,246.882081
9.895399,47,247.002931
8.9367,34,247.081868
4.4122024,29,247.603371
8.3605,46,248.141114
9.901299,38,248.282149
-0.11390495,40,248.403287
2.9061966,39,248.742701
8.8804,47,248.941962
0.37109566,40,249.004043
8.9416,35,249.341442
5.4071026,30,249.604592
8.9005995,45,249.883276
1.360796,43,249.951621
3.4167976,33,250.481117
5.411603,35,250.482163
1.8920965,30,250.740423
7.8861,40,251.081984
0.85649586,36,251.402308
6.4272995,28,251.481837
0.34099674,41,251.680986
5.896802,33,252.154824
-0.17970562,48,252.541574
8.9367,34,253.340713
9.8706,45,253.483514
8.9155,46,253.541266
3.9217978,33,253.683097
9.4057,44,253.683097
2.3662987,38,253.941816
8.883999,61,253.941816
6.9266996,34,253.941816
9.4365,36,254.540067
2.8919983,31,254.602455
3.9166975,34,255.802853
5.392201,29,255.881701
1.3514967,36,255.881701
0.3561964,39,255.94101
8.941799,33,256.14175
8.9163,38,256.203766
8.450601,45,256.683157
3.8809977,41,256.683157
9.4116,35,256.941498
5.427102,30,257.881744
0.2848959,52,258.002496
9.936999,31,258.002496
5.8916006,35,258.552037
8.911499,36,258.553063
8.9319,32,258.8025
1.3652945,48,259.00216
8.4066,35,259.272988
4.3811007,40,259.35299
8.934799,53,259.410911
4.9272003,29,259.806706
4.881601,35,260.868756
3.3555975,45,261.010597
4.8713026,38,261.540385
3.835599,45,261.540385
6.914699,54,261.611829
4.911603,35,261.67437
8.4516,35,261.753629
4.8306007,45,261.810927
5.387001,31,262.952161
8.889099,60,263.268793
8.915199,49,264.268348
8.4454,47,264.671217
3.815199,49,264.805837
-0.77760506,77,264.935376
9.929799,53,265.152299
7.268499,66,266.068286
5.860801,43,266.1399
8.898199,69,266.410656
3.2896967,54,266.551807
7.4015994,35,266.610793
3.9118977,32,266.935383
6.6464987,86,267.46811
9.9009,42,267.952077
7.4446993,54,268.27259
3.4065967,35,268.410611
8.9098,53,268.468565
6.9069,32,268.751454
6.4516993,34,268.810296
2.8609986,41,269.140532
8.8993,58,270.010311
8.855399,47,270.068281
3.9114962,36,270.351914
4.376702,34,270.55258
4.3362007,39,271.067927
7.379599,55,271.140061
5.3762007,39,271.339707
2.8662987,38,271.669512
-2.7204065,55,272.072187
8.929099,60,272.809858
8.875599,45,273.009882
0.3051939,49,273.340223
2.391099,40,273.818152
8.875799,43,273.94042
7.394599,55,274.018144
2.8713975,37,274.552301
7.3557997,43,274.552301
9.329599,55,275.01675
8.938299,68,275.067584
8.891199,39,275.416651
8.4166,35,275.669282
9.9471,30,275.804228
5.820001,51,276.416574
3.4062972,38,276.467317
3.3813977,37,277.018156
3.901598,35,277.352384
8.906099,40,277.751474
5.4317026,34,277.952623
7.8849998,51,277.952623
8.889099,60,278.01585
8.870699,44,278.354107
4.896701,34,278.752824
7.8964996,36,278.816262
4.880101,50,279.151622
3.8562984,38,279.551927
4.3863015,38,279.862261
2.8662982,38,280.470445
2.8512993,38,280.554637
6.3657994,43,280.816221
7.8858,43,281.217141
6.4069,32,281.266129
2.8714013,37,281.267127
2.7646008,55,281.416321
7.365999,41,281.466424
5.3969007,32,281.666218
7.4214993,36,282.268562
8.9219,32,282.617239
5.4225006,26,283.014952
7.8764,37,283.267234
3.3715987,35,283.615624
9.895399,47,283.667235
4.9114027,37,283.866436
3.4215965,35,284.01596
5.395602,45,284.467641
8.9351,50,284.543864
8.9314995,36,284.672409
5.8915024,36,285.416015
4.9072,29,285.615546
8.920599,45,285.615546
8.880599,45,286.279948
9.921499,36,286.415711
6.8969994,31,286.615471
8.4354,47,286.752549
6.4216995,34,286.954174
7.8609,42,287.270082
5.9314017,37,287.873095
6.2431993,69,288.472305
8.3657,44,288.539195
8.9365,36,288.672699
0.8603945,47,288.752828
8.3812,39,289.016484
5.906701,34,289.016484
9.9115,36,289.355107
8.411,41,289.355107
5.881401,37,289.745271
4.8768015,33,290.074068
6.8868,33,290.665455
4.906901,32,291.154838
5.3864026,37,291.220166
9.9005995,45,291.553902
8.4267,34,291.614741
8.405601,45,291.673818
2.3813987,37,291.817416
5.9205027,46,292.071868
2.3156996,44,293.011261
3.3913984,37,293.611222
3.8920994,30,293.67139
8.4069,32,293.67139
7.443899,62,293.866062
6.3910995,40,293.866062
4.8865013,36,294.008329
1.244297,58,294.552417
9.9212,39,294.670443
8.8554,47,294.937112
8.9113,38,295.530285
6.9570994,30,295.614882
8.920899,42,296.466078
8.3559,42,296.668795
4.3909016,42,296.817521
4.845303,48,297.199274
8.4011,40,297.336617
9.939699,54,297.396655
8.8959,42,297.602969
8.900299,48,298.265812
7.9309998,41,298.468961
2.3853955,47,298.786654
8.916399,37,299.251482
2.8259006,42,299.384615
5.386202,39,299.51425
5.381402,37,299.783006
3.892099,30,300.24946
2.3154001,47,300.308419
5.896003,41,300.308419
6.9214997,36,300.851137
8.926,41,301.495441
8.8036995,64,301.630796
4.4068003,33,301.699828
8.4212,39,301.842211
1.8361979,39,302.375116
9.910399,47,302.514598
6.870899,42,303.031334
5.381002,41,303.031334
9.880899,42,303.636737
9.936999,31,303.776258
5.9167013,34,303.776258
4.8649025,52,303.776258
5.9314017,37,304.099892
5.906602,35,304.699816
8.9063,38,305.029334
8.884799,53,305.374528
8.926499,36,305.441909
8.920699,44,305.974104
3.3662977,38,306.174921
3.375999,41,306.502489
3.8759985,41,306.502489
8.891399,37,306.575369
8.910799,43,306.644245
2.3919992,31,307.099865
8.9366,35,307.713746
9.8705,46,307.773734
9.895599,45,308.442069
8.891399,37,308.643468
9.946799,33,308.699264
8.8959,42,308.764607
8.9016,35,308.974769
8.8863,38,309.04155
4.911203,39,309.175449
3.3768978,32,309.244975
7.8812995,38,310.293615
8.921,41,310.421932
4.4013033,38,310.97239
6.9315996,35,311.574471
3.911498,36,311.574471
2.3410993,40,311.634596
9.8854,47,311.82965
8.3957,44,311.962043
9.8901,50,312.099544
7.9217997,33,312.629745
4.916403,37,312.763583
8.903699,64,312.900178
5.4321012,30,313.561879
9.9109,42,313.771388
4.9018006,33,313.829247
9.921599,35,313.899106
5.9267015,34,314.370531
8.905999,41,314.574029
5.3508005,43,314.828699
9.9416,35,315.106505
1.8209972,41,315.371457
4.3967023,34,315.840648
8.4017,34,316.096486
9.44,51,316.299531
3.8920994,30,316.358767
9.9262,39,316.495414
7.8968997,32,316.961726
4.9119015,32,317.240099
3.346097,40,317.240099
6.414799,53,317.304912
9.432099,30,317.841199
2.8560991,40,318.043491
5.3971004,30,318.355865
9.921599,35,318.842349
8.4012,39,318.905893
6.9219995,31,319.301711
1.8098955,52,319.563612
4.901101,40,319.64316
3.8564992,36,319.707004
8.870399,47,320.36629
3.886199,39,320.474153
2.8511996,39,320.630928
8.3914995,36,320.776165
8.9112,39,321.441103
3.3715987,35,321.641749
9.8759,42,321.704678
7.4216995,34,321.840609
3.396398,37,322.111817
5.3909016,42,322.500053
9.4165,36,322.774346
7.4362993,38,322.958573
5.3817015,34,323.033948
7.9161997,39,323.228267
8.3866005,35,323.761942
9.3763,38,324.361683
9.375899,42,324.506411
6.3707995,43,324.506411
3.8715,36,324.506411
9.451699,34,324.761906
8.952299,28,325.106338
7.3812995,38,325.509579
4.3355,46,325.841518
4.365703,44,325.966629
4.8816004,35,326.835352
8.8803,48,326.969227
4.4014006,37,326.969227
5.8459005,42,327.178854
8.946199,39,327.37412
2.8206983,44,327.428693
5.4272013,29,327.429691
8.921499,36,327.504532
7.4219995,31,327.908439
8.4117,34,328.240666
6.4369993,31,329.051979
3.3613987,37,329.299292
7.8919,32,329.499321
7.9319,32,329.558363
9.8914995,36,329.558363
6.9316998,34,329.757743
8.8958,43,329.833239
7.9214,37,329.905834
8.9164,37,330.357685
9.9115,36,330.641486
3.8915977,35,331.626365
8.9317,34,331.763337
9.410799,43,331.904969
5.436802,33,331.964355
3.3563995,37,332.041947
9.4112,39,332.166379
3.3308997,42,332.640864
8.860299,48,333.108708
6.8711996,39,333.241596
8.8608,43,333.241596
4.3716,35,334.104192
8.9417,34,334.429373
8.9309,42,334.429373
8.4211,40,334.628317
8.3607,44,334.833796
8.930599,45,335.031619
4.3616,35,335.602846
5.4114017,37,335.732066
8.3498,53,336.20495
5.340401,47,336.273823
9.9267,34,336.73608
4.8917003,34,336.73608
8.8761,40,336.818639
8.906599,35,337.003912
8.3963,38,337.585568
1.8505974,45,337.863875
5.8714013,37,338.187168
8.3867,34,338.531373
3.9014974,36,338.587278
9.875299,48,338.787292
6.8868,33,338.935178
3.3916984,34,339.258721
9.896299,38,339.329416
7.9219,32,339.730019
9.87,51,340.135099
8.931399,37,340.331015
4.906503,36,340.592964
4.901602,35,340.87291
8.455601,45,341.593023
9.9261,40,341.593023
9.8902,49,342.072449
5.4013014,38,342.271624
0.3503933,47,342.472065
8.854899,52,342.73603
9.405899,42,342.936206
9.906,41,343.071326
8.931299,38,343.13616
3.8964992,36,343.271298
6.9017997,33,343.797113
8.946799,33,344.249706
9.906,41,344.323534
4.8969007,32,344.383736
5.4217024,34,344.988692
7.9219,32,345.190773
3.8909988,41,345.190773
5.3866024,35,345.251108
1.346097,40,345.789256
2.851101,40,345.917898
8.886,41,346.519286
9.941799,33,346.591157
3.891398,37,346.783968
7.4262996,38,346.783968
5.917001,31,347.32386
9.9162,39,347.789292
4.840801,43,347.846256
8.8812,39,348.389802
9.370299,48,348.389802
3.3357973,43,348.789441
5.406802,33,348.789441
3.3763013,38,349.05198
8.4366,35,349.132996
8.886399,37,349.24889
8.9626,25,349.519997
5.9162035,39,349.930454
6.8762994,38,350.317245
9.8963995,37,350.845984
5.401902,32,350.918987
7.8918,33,350.98925
4.4260015,41,351.130702
5.381801,33,351.317674
5.371601,35,351.589516
1.8410988,40,351.732877
8.891,41,352.249398
5.4121027,30,352.846821
8.9113,38,352.846821
8.926499,36,353.38812
4.3699026,52,353.38812
8.9113,38,353.450548
3.3916988,34,353.589798
4.876301,38,353.651
7.8969,32,353.730572
8.9261,40,354.391341
8.4364,37,354.718865
9.4114,37,355.322649
8.9423,28,355.45123
6.3711996,39,355.45123
7.9315,36,355.788828
8.9114,37,355.930058
9.8912,39,356.249709
8.3762,39,356.33007
8.452,31,356.445184
5.3150015,51,356.78815
7.4513993,37,357.184616
9.936999,31,357.397154
4.9071007,30,357.447222
5.4162035,39,358.045596
3.3714995,36,358.195624
5.881602,35,358.246269
5.9220014,31,358.330696
4.391802,33,358.518038
2.8565006,36,359.195007
6.4216995,34,359.458325
4.375503,46,359.51765
9.446899,32,359.585691
8.9519,32,360.19703
9.9319,32,360.448019
9.3762,39,360.786836
9.9148,53,360.91765
8.8914995,36,360.91765
2.3355994,45,361.245808
5.9120016,31,361.586557
4.8963013,38,361.717863
8.8909,42,362.246093
8.886,41,362.329888
8.4161005,40,362.847039
5.3666997,34,363.046547
9.911099,40,363.113479
4.9116025,35,363.247151
8.4163,38,363.447507
8.926299,38,363.796703
7.9118,33,363.92975
8.9065,36,363.995691
4.9170027,31,364.394469
1.8457956,43,365.130053
5.437301,28,365.306436
4.866501,36,365.44793
9.9366,35,365.58789
9.9417,34,366.047363
8.9056,45,366.130767
8.4063,38,366.529781
9.864599,55,366.529781
7.861,41,366.644868
7.9167995,33,367.329679
9.8654995,46,367.446545
7.4418993,32,367.594861
6.4023,28,367.930536
8.4165,36,367.995462
6.8707995,43,368.195493
9.9113,38,368.658727
4.3965,36,368.927758
8.926299,38,369.055931
4.356001,41,369.380717
4.3562,39,369.921159
3.8710976,40,370.128377
8.3913,38,370.456053
4.8908014,43,371.045979
8.8803,48,371.195384
5.3973002,28,371.249688
9.9218,33,371.249688
9.874599,55,371.249688
9.910999,41,371.667381
1.8497944,53,372.19421
7.9115,36,372.531183
9.8657,44,372.851208
8.8811,40,373.130245
8.931399,37,373.72848
9.3756,45,374.058225
8.3659,42,374.058225
8.3654995,46,374.250672
9.8552,49,374.523914
4.9216022,35,374.85304
9.905199,49,374.930962
9.946799,33,375.052379
3.3245988,55,375.85086
4.410902,42,375.919634
3.3613992,37,376.194568
9.926499,36,376.452386
8.936399,37,376.529354
9.9171,30,376.530379
9.3904,47,377.394104
5.400803,43,377.787456
8.891,41,377.787456
9.870399,47,377.992272
7.4418993,32,377.992272
7.4322996,28,378.315011
6.3920994,30,378.515041
9.906,41,378.649158
2.8509002,42,378.979239
7.4200993,50,379.84977
4.896301,38,379.915526
5.941702,34,380.049248
3.4065976,35,380.115023
7.4215994,35,380.32094
6.4268994,32,380.456206
8.3711,40,380.650086
5.8866024,35,380.992248
9.396299,38,381.044147
6.4461994,39,381.593613
8.9265995,35,382.19302
8.4416,35,382.24956
5.941902,32,382.24956
9.401199,39,382.929393
8.3607,44,382.99385
6.4065995,35,382.99385
9.9258995,42,383.250125
9.9014,37,383.53007
7.4266996,34,383.849482
3.8356004,45,383.993562
2.3666973,34,384.461138
9.4217,34,384.527071
6.4318995,32,385.120297
4.8867016,34,385.249779
3.8952975,48,385.455254
7.3917,34,385.514798
4.866001,41,385.648991
8.936299,38,386.050082
4.871202,39,386.585951
5.9318023,33,386.657211
3.3868995,32,386.657211
7.4057994,43,386.71665
8.426701,34,387.394125
2.3614001,37,387.716612
8.9314995,36,387.859679
3.8711987,39,388.117232
9.901199,39,388.266138
8.870899,42,388.869095
8.891299,38,389.255344
0.85609436,40,389.3171
9.4258995,42,389.457673
8.9268,33,389.589475
6.3905993,45,389.589475
2.8711977,39,390.315166
8.941899,32,390.379186
5.396201,39,390.455011
9.3961,40,390.791817
3.881199,39,391.450731
7.9016995,34,391.515996
8.9169,32,391.720608
6.8666,35,391.793868
9.9465,36,391.993716
9.8759,42,392.115929
5.9061017,40,393.058532
8.880499,46,393.39426
4.900404,47,393.592904
6.4368997,32,393.592904
5.9208026,43,393.658441
7.9115996,35,394.116378
8.921399,37,394.193595
5.4019012,32,394.25891
8.875699,44,394.458349
4.3559017,42,394.795889
6.4377,24,395.193436
9.926199,39,395.658737
7.9319997,31,396.192887
9.880899,42,396.393388
3.3708987,42,396.458719
8.9112,39,396.862069
6.8959994,41,396.918553
1.8247957,53,396.918553
4.8763022,38,396.996885
7.4214997,36,397.193871
9.936199,39,397.793077
9.8916,35,397.993696
4.3767996,33,398.393744
8.936999,31,398.515953
7.4573994,27,398.792706
9.9064,37,398.858965
9.9164,37,399.316052
6.9212995,38,399.458938
7.3911996,39,399.516624
5.4174013,27,399.592951
4.8759027,42,399.992912
8.921499,36,400.393627
5.901701,34,400.793553
7.9357,44,401.317271
7.9164,37,401.317271
7.4069996,31,401.593417
5.886501,36,401.716825
4.391802,33,401.794036
7.922,31,402.058033
9.3602,49,402.058033
9.936,41,402.192824
5.9168015,33,402.992733
8.401,41,403.115472
5.4273005,28,403.457474
8.4313,38,403.859047
5.407202,29,404.116079
3.385898,42,404.116079
5.9019012,32,404.192482
5.9263024,38,404.257115
8.8911,40,404.456465
3.8813987,37,404.516031
6.9464993,36,405.516323
5.8867006,34,405.716826
5.4125013,26,405.860577
6.4056993,44,405.929469
5.911801,33,406.315941
5.3863015,38,406.394104
5.8963013,38,406.715554
8.931299,38,406.793436
8.9211,40,407.193321
5.4175005,26,407.593659
2.8151007,50,407.792877
5.927101,30,407.926851
9.4115,36,407.928381
7.8608,43,408.592564
6.9367995,33,408.99275
5.3964014,37,409.193449
8.925799,43,409.193449
6.8608,43,409.25725
8.926399,37,409.656923
5.401702,34,409.857321
9.931299,38,410.329209
8.8712,39,410.52901
9.3708,43,410.792487
5.9122014,29,411.115714
3.4167986,33,411.193658
4.436002,41,411.316566
5.4170017,31,411.316566
5.8963013,38,411.715708
4.386403,37,412.11567
5.4071016,30,412.315565
6.9211993,39,412.456531
8.4322,29,413.115241
8.9112,39,413.115241
8.8963995,37,413.257577
5.946802,33,413.315442
6.9316998,34,413.593846
3.9066982,34,413.593846
7.8760996,40,414.392782
2.871498,36,414.519631
8.9113,38,414.844398
8.9107,44,415.391411
9.3917,34,415.589978
8.921299,38,415.657623
8.4462,39,416.177968
8.880499,46,416.32856
8.3759,42,416.393516
4.370004,51,416.528112
2.4017982,33,416.59326
8.891299,38,417.057944
5.412301,28,417.258847
0.8654957,46,417.919976
8.916499,36,417.989382
4.901101,40,418.314425
9.9263,38,418.719594
6.9210997,40,419.189176
0.8404951,46,419.444443
7.4262996,38,419.594919
8.8852,49,419.844598
8.864699,54,419.928491
9.8956995,44,420.185699
7.9266,35,420.242832
9.4119,32,420.457833
8.3505,46,421.042585
5.422102,30,421.192367
6.9210997,40,421.385175
6.4418993,32,421.721078
7.8763,38,421.991287
6.9416995,34,422.7278
4.3662014,39,422.791621
2.876299,38,422.791621
7.8654,47,423.0523
8.910099,50,423.191347
7.4121,30,423.389202
7.4064994,36,423.451382
7.4213996,37,423.651217
4.422002,31,424.059163
4.356202,39,424.327774
8.946899,32,424.856269
8.900999,41,425.519007
6.8968,33,425.589584
8.920699,44,425.720033
6.8964996,36,425.855831
4.3816,35,425.989474
8.860399,47,426.319839
7.9315996,35,426.381984
8.9169,32,426.983058
9.313999,61,427.116846
7.9006996,44,427.256703
4.3920007,31,427.589797
7.9419,32,427.989558
7.3865995,35,428.05681
9.9211,40,428.256482
7.9019,32,428.517641
8.875999,41,428.714542
6.4020996,30,428.985458
4.896003,41,429.060281
8.4166,35,429.579998
8.4314,37,430.056139
5.916901,32,430.18877
8.9367,34,430.513905
8.4212,39,430.589295
5.849802,53,430.65535
7.4570994,30,430.719131
8.9366,35,430.857118
8.3916,35,431.390131
4.8963027,38,431.517985
5.916303,38,432.114172
5.9118013,33,432.256467
5.951702,34,432.45699
6.4319997,31,432.718487
8.4469,32,432.718487
8.8963995,37,432.989012
9.9416,35,433.056957
8.9267,34,433.78913
6.3714995,36,433.78913
9.8998995,52,434.31817
8.3918,33,434.455344
7.4474998,26,434.455344
6.4268,33,435.180935
8.921,41,435.180935
2.8503962,47,435.255235
7.4317994,33,435.994682
6.3912992,38,436.326605
9.8602,49,436.326605
8.4416,35,436.655564
8.3441,60,436.713929
5.850803,43,437.318558
8.4469,32,437.318558
4.911602,35,437.589228
9.340099,50,437.788091
9.890699,44,438.114374
6.9463997,37,438.443553
9.9368,33,438.527688
6.4412994,38,438.843815
6.9062996,38,439.256997
5.9261026,40,439.313194
9.9417,34,439.579302
6.926399,37,439.788397
4.371501,36,439.991879
8.4068,33,439.991879
4.4271016,30,440.518014
5.946502,36,440.852634
7.3402996,48,441.314228
8.931199,39,441.450639
8.4165,36,441.650957
8.951599,35,441.650957
9.4066,35,441.91912
5.8461003,40,442.441644
4.417101,30,442.841703
5.905702,44,442.926877
8.920499,46,443.584785
6.4415994,35,443.642872
8.4069,32,443.784746
5.876501,36,443.842945
9.349199,59,443.927388
9.9017,34,443.927388
6.4417996,33,444.128019
6.9265995,35,444.782731
4.3967023,34,445.126966
8.3966,35,445.254847
6.927099,30,445.855413
7.9469,32,446.042608
6.8864994,36,446.042608
5.4007034,44,446.520608
8.8861,40,446.591652
3.855699,44,446.727867
8.4259,42,446.928071
6.9214993,36,447.642547
8.890699,44,448.043245
6.4116993,34,448.318355
3.839799,53,448.318355
5.9366016,35,448.388554
9.8962,39,448.45877
4.3816023,35,448.841587
5.9409027,42,449.518602
5.8760023,41,449.641659
9.3804,47,449.72634
6.4623995,27,450.127464
6.896199,39,450.258307
7.8817,34,450.596466
7.8916,35,450.727572
7.8965,36,450.843455
8.9414,37,451.319859
4.8800015,51,451.442457
6.9015994,35,451.842675
9.416599,35,451.983289
8.910999,41,452.451165
6.887,31,452.782758
5.3859024,42,452.919461
6.8405995,45,453.254504
6.3914995,36,453.254504
4.391002,41,453.319616
6.4366994,34,453.584548
9.4265995,35,454.184454
9.9066,35,454.326988
7.8603997,47,454.584709
6.8917,34,455.056399
9.9211,40,455.112503
8.4018,33,455.44156
5.3607016,44,455.841834
7.9259996,41,456.054909
4.8713017,38,456.117603
6.4115996,35,456.652601
6.3967996,33,456.793727
8.8811,40,456.859269
5.3096027,55,456.915579
6.3665996,35,457.44139
6.3660994,40,458.118617
6.3713994,37,458.594219
7.9212,39,458.64165
6.9118996,32,458.782794
8.309299,58,458.926805
9.8967,34,459.042415
8.905199,49,459.11399
9.9113,38,459.443116
5.8405037,46,459.919184
8.4471,30,460.113677
8.9009,42,460.249193
8.936999,31,460.713595
8.4366,35,460.91445
6.9320993,30,461.050242
6.4210997,40,461.440937
4.9161024,40,461.582664
7.9412,39,461.717699
6.3609996,41,462.184389
5.381301,38,462.457383
8.8811,40,462.783898
8.900999,41,462.983672
7.3968997,32,463.183695
5.876201,39,463.326372
5.896202,39,463.519063
6.8918996,32,463.594735
8.4367,34,463.85451
7.8714995,36,464.125217
