#{"t_start": 1760549048.4658706, "env_id": "None"}
r,l,t
7.9992,7,1.754612
7.9989,10,1.966581
7.9987,12,2.094904
-6.0029,28,3.174141
-6.0029,28,3.174643
7.998,21,3.174643
-6.0029,28,3.174643
-6.0029,28,3.174643
-6.0029,28,3.174643
-6.0029,28,3.174643
-6.0029,28,3.174643
7.9995,6,3.616257
7.9994,7,3.688185
7.9993,8,3.747001
7.9991,10,3.889033
7.9995,6,4.032417
7.9989,12,4.032417
-6.0029,30,4.032417
7.9996,5,4.091324
-6.0029,30,4.162569
7.9996,5,4.235577
7.9985,16,4.30905
7.9995,6,4.444143
7.9995,6,4.444143
7.9988,13,4.583525
7.9993,8,4.984901
7.9989,12,5.121548
-6.0029,30,5.258025
-6.0029,30,5.258025
7.9982,19,5.332266
7.9997,4,5.392288
7.9993,8,5.537849
7.9996,5,5.756577
7.9992,9,5.895092
7.9995,6,5.964828
-6.0029,30,6.172092
7.9994,7,6.242409
-6.0029,30,6.242409
7.9995,6,6.314326
-6.0029,30,6.314326
7.9995,6,6.386324
-6.0029,30,6.520725
-6.0029,30,6.66009
7.9996,5,6.66009
7.9994,7,6.990681
7.9992,9,7.263467
7.9992,9,7.263467
-6.0029,30,7.330909
-6.0029,30,7.399146
7.9982,19,7.54283
7.9993,8,7.54283
7.9992,9,7.872472
7.9994,7,8.026696
-6.0029,30,8.238742
7.9988,13,8.238742
7.9995,6,8.30424
-6.0029,30,8.30424
-6.0029,30,8.372493
-6.0029,30,8.441318
7.9988,13,9.184954
7.9988,13,9.252781
7.9988,13,9.323905
-6.0029,30,9.323905
-6.0029,30,9.461312
7.9982,19,9.518139
-6.0029,30,9.595132
7.9996,5,9.810224
7.9995,6,10.023141
-6.0029,30,10.097257
-6.0029,30,10.322025
-6.0029,30,10.390616
7.9994,7,10.52906
7.9991,10,10.804362
7.9994,7,10.80536
7.9983,18,10.80536
7.9994,7,10.874345
-6.0029,30,11.279425
-6.0029,30,11.347825
-6.0029,30,11.416662
-6.0029,30,11.416662
7.9985,16,11.618155
7.9994,7,11.763108
7.9987,14,11.831236
-6.0029,30,11.888239
7.9985,16,11.888239
7.9992,9,11.956753
7.9994,7,12.393835
7.9995,6,12.393835
7.9992,9,12.393835
7.9987,14,12.812235
-6.0029,30,12.880206
-6.0029,30,12.880206
7.9991,10,13.074259
7.9991,10,13.074259
7.9995,6,13.278181
7.9977,24,13.278181
-6.0029,30,13.491636
-6.0029,30,13.491636
7.9992,9,13.692027
7.9995,6,13.692027
7.9991,10,13.760989
7.9996,5,13.83651
-6.0029,30,13.962642
7.9995,6,14.24168
7.9993,8,14.24168
7.9992,9,14.299183
-6.0029,30,14.431905
7.9987,14,14.727534
7.9996,5,14.797219
7.9992,9,14.870825
-6.0029,30,14.870825
-6.0029,30,14.940021
7.9995,6,15.219251
7.9994,7,15.36085
7.9995,6,15.36085
-6.0029,30,15.36085
7.9992,9,15.502577
7.9984,17,15.502577
-6.0029,30,15.572854
7.9994,7,15.841356
7.9992,9,15.841356
7.9995,6,15.914222
-6.0029,30,16.040833
7.9995,6,16.318563
-6.0029,30,16.318563
7.9989,12,16.318563
7.9995,6,16.459488
7.9988,13,16.73558
7.9995,6,16.73558
-6.0029,30,16.826797
7.9994,7,16.826797
7.998,21,17.300028
-6.0029,30,17.43038
-6.0029,30,17.43038
7.9991,10,17.498655
-6.0029,30,17.633582
7.9995,6,17.843925
7.9995,6,18.060648
7.9995,6,18.268599
7.9987,14,18.268599
7.9989,12,18.340151
-6.0029,30,18.409924
7.9996,5,18.409924
7.9976,25,18.480094
-6.0029,30,18.537446
-6.0029,30,18.817148
7.9995,6,18.817148
-6.0029,30,18.885953
7.9991,10,18.959105
7.9994,7,19.055176
7.9987,14,19.32889
7.9992,9,19.475516
-6.0029,30,19.542158
7.9995,6,19.741105
7.998,21,19.938859
-6.0029,30,20.343462
-6.0029,30,20.474035
7.9993,8,20.474035
-6.0029,30,20.880582
7.9994,7,20.949717
-6.0029,30,20.949717
-6.0029,30,21.0172
-6.0029,30,21.086006
7.9991,10,21.161009
7.9989,12,21.161009
7.9994,7,21.458641
-6.0029,30,21.531102
7.9995,6,21.591537
-6.0029,30,21.591537
7.999,11,21.735854
-6.0029,30,21.804364
7.9995,6,21.947238
7.9983,18,22.156043
7.9984,17,22.230333
7.9991,10,22.42721
7.9991,10,22.49642
7.998,21,22.566513
7.9995,6,22.636795
7.9994,7,22.898569
7.9981,20,22.966955
7.998,21,23.044861
-6.0029,30,23.248032
7.9989,12,23.386394
7.9987,14,23.466779
7.9993,8,23.535154
-6.0029,30,23.535154
7.9991,10,23.606392
7.9994,7,23.881213
-6.0029,30,24.014897
7.9994,7,24.014897
-6.0029,30,24.228451
7.9996,5,24.228451
7.9993,8,24.560019
7.9995,6,24.638638
-6.0029,30,24.697105
7.999,11,24.969925
7.9994,7,25.040136
-6.0029,30,25.11107
-6.0029,30,25.321092
7.9996,5,25.384247
7.9993,8,25.527464
-6.0029,30,25.527464
-6.0029,30,25.597129
-6.0029,30,25.696318
7.9975,26,25.825689
7.9995,6,25.825689
7.9995,6,25.961089
7.9997,4,25.961089
7.9995,6,26.36599
7.9992,9,26.438615
7.9987,14,26.504242
7.9985,16,26.696706
-6.0029,30,26.696706
-6.0029,30,26.765436
7.9996,5,26.835208
7.9994,7,26.835208
7.9984,17,26.971804
7.9996,5,27.041372
-7.0029,30,27.181913
7.9995,6,27.253567
7.9994,7,27.323992
-6.0029,30,27.394728
7.9991,10,27.472301
7.9994,7,27.472301
7.9988,13,27.603354
7.9993,8,27.603354
7.9995,6,27.672964
7.9994,7,27.971002
-6.0029,30,28.037209
7.9995,6,28.102388
7.9996,5,28.431801
7.9994,7,28.501682
-6.0029,30,28.501682
7.9993,8,28.968771
-6.0029,30,29.241088
-6.0029,30,29.373438
-6.0029,30,29.443292
7.9994,7,29.443292
-6.0029,30,29.512065
7.9995,6,29.643123
-6.0029,30,29.643123
-6.0029,30,29.643123
7.9996,5,29.713835
7.9995,6,29.85014
-6.0029,30,29.985207
7.9994,7,30.144114
7.9995,6,30.279345
7.9995,6,30.551652
-6.0029,30,30.551652
-6.0029,30,30.551652
7.9988,13,30.551652
7.9994,7,30.761156
7.9996,5,30.894602
7.9996,5,30.894602
7.9994,7,31.028335
7.9996,5,31.237573
7.9994,7,31.370107
-6.0029,30,31.511621
7.9996,5,31.578446
-6.0029,30,31.578446
-6.0029,30,31.717412
7.9991,10,31.717412
7.9995,6,31.785208
-6.0029,30,31.785208
-6.0029,30,32.053235
7.9994,7,32.053235
7.9996,5,32.053235
7.9994,7,32.277719
7.9993,8,32.35163
7.9996,5,32.426706
7.9993,8,32.636194
-6.0029,30,32.636194
7.9987,14,32.701774
7.9995,6,32.701774
7.9982,19,32.848614
-6.0029,30,32.848614
7.9994,7,32.848614
7.9995,6,33.055081
7.9994,7,33.130292
7.9995,6,33.130292
7.9985,16,33.205701
7.9996,5,33.205701
7.9993,8,33.265964
7.9994,7,33.339253
7.9995,6,33.679152
-6.0029,30,33.679152
7.9991,10,33.813218
7.9991,10,33.885547
7.9996,5,34.028115
7.9995,6,34.098857
7.9988,13,34.227123
7.9996,5,34.227123
7.9995,6,34.520048
7.9971,30,34.520048
7.9995,6,34.941946
-6.0029,30,34.941946
7.9993997,7,35.010457
7.9989,12,35.078542
-6.0029,30,35.136869
7.9988,13,35.136869
-7.5029,30,35.204561
-6.0029,30,35.274959
7.9995,6,35.425801
7.9993,8,35.487328
7.9995,6,35.558989
7.9995,6,35.558989
7.9996,5,35.628063
7.9994,7,35.69705
7.9996,5,35.766079
-6.0029,30,35.909356
7.9995,6,35.968839
7.9996,5,36.039491
7.9994,7,36.039491
7.9996,5,36.111161
-6.0029,30,36.111161
7.9993,8,36.181346
7.9989,12,36.311603
7.9992,9,36.527253
7.9995,6,36.527253
7.9994,7,36.527253
7.9995,6,36.527253
7.9994,7,36.658335
7.9994,7,36.818717
7.9988,13,36.9613
-6.0029,30,37.01931
7.9994,7,37.01931
7.9994,7,37.01931
7.9993,8,37.090005
7.9996,5,37.162824
-6.0029,30,37.162824
7.9995,6,37.434731
7.9989,12,37.504931
7.9993,8,37.575031
7.9992,9,37.575031
7.9992,9,37.71159
7.9996,5,37.781028
7.9996,5,37.849889
-6.0029,30,38.060927
7.9994,7,38.060927
7.9987,14,38.118273
7.9992,9,38.187355
7.9994,7,38.258366
7.9995,6,38.258366
7.9996,5,38.400674
7.999,11,38.471818
7.9994,7,38.542789
7.9996,5,38.542789
7.9981,20,38.542789
7.9995,6,38.542789
-8.0029,30,38.601487
7.9994,7,38.748746
7.9996,5,38.748746
7.9993,8,38.821591
7.9994,7,38.979028
7.9997,4,39.044832
7.9994,7,39.045829
7.9994,7,39.045829
-6.0029,30,39.11735
7.9993,8,39.11735
7.9993,8,39.190047
7.9991,10,39.263864
7.9994,7,39.263864
7.9996,5,39.324209
7.9994,7,39.54106
7.9994,7,39.60347
7.9996,5,39.680671
7.9992,9,39.680671
7.9995,6,39.680671
7.9993,8,39.754966
7.9993997,7,39.754966
7.999,11,39.886362
7.9997,4,40.039284
7.9995,6,40.118528
7.9993,8,40.118528
7.9995,6,40.180079
7.9995,6,40.314108
7.9996,5,40.458717
7.9989,12,40.531075
7.9992,9,40.665529
7.9994,7,40.665529
7.9993,8,40.878895
7.9983,18,40.878895
-9.0029,30,40.93725
7.9995,6,40.93725
7.9988,13,41.008428
-6.0029,30,41.153085
7.9994,7,41.153085
7.9993,8,41.245825
7.9992,9,41.526009
7.9994,7,41.526009
7.9995,6,41.597282
7.9991,10,41.669134
7.9988,13,41.801592
-6.0029,30,41.801592
7.9995,6,41.946881
7.9994,7,42.006555
7.999,11,42.006555
7.9986,15,42.006555
7.9996,5,42.006555
7.9994,7,42.290845
